policy,episode_seed,return
Torque cero,20000,-630.0887543862793
Torque cero,20001,-1660.5867364581109
Torque cero,20002,-1283.4622589599821
Torque cero,20003,-1056.4814291492091
Torque cero,20004,-1057.1051552819836
Torque cero,20005,-968.6865826777383
Torque cero,20006,-1301.9940994616343
Torque cero,20007,-1337.2666570040042
Torque cero,20008,-1635.502256360671
Torque cero,20009,-1048.3777091529064
Torque cero,20010,-1078.7439770366811
Torque cero,20011,-1588.6851167050497
Torque cero,20012,-1811.1557688126757
Torque cero,20013,-1306.6832622491304
Torque cero,20014,-1349.9053469899638
Torque cero,20015,-911.7528066241334
Torque cero,20016,-745.1021069416583
Torque cero,20017,-635.4564577967866
Torque cero,20018,-947.8812121818175
Torque cero,20019,-1536.4247691563367
Torque cero,20020,-970.3648282803666
Torque cero,20021,-1285.9690097771843
Torque cero,20022,-627.338743871874
Torque cero,20023,-1288.1632108649019
Torque cero,20024,-1804.5223790340326
Torque cero,20025,-503.8688490486888
Torque cero,20026,-1071.8790683265502
Torque cero,20027,-723.5290866609595
Torque cero,20028,-1343.703469710267
Torque cero,20029,-1430.7532152340884
Torque cero,20030,-989.6271864531702
Torque cero,20031,-1271.9406395340732
Torque cero,20032,-1069.5906009219204
Torque cero,20033,-969.3925376428814
Torque cero,20034,-1959.1143750345536
Torque cero,20035,-981.7150210688142
Torque cero,20036,-1169.2893905458861
Torque cero,20037,-1894.40857524286
Torque cero,20038,-1357.2161692957752
Torque cero,20039,-1430.0890115470356
Torque cero,20040,-1458.9147468156314
Torque cero,20041,-1538.165016756977
Torque cero,20042,-1255.9125921526388
Torque cero,20043,-861.6291218119222
Torque cero,20044,-765.4155163852383
Torque cero,20045,-1494.7093692858316
Torque cero,20046,-1276.1708372626058
Torque cero,20047,-862.521140389247
Torque cero,20048,-747.6606033170864
Torque cero,20049,-1531.168163987798
Aleatorio,20000,-952.9519791760798
Aleatorio,20001,-1561.3395753462726
Aleatorio,20002,-1186.4508682469439
Aleatorio,20003,-971.6057778540711
Aleatorio,20004,-1153.741713257788
Aleatorio,20005,-992.1235750076969
Aleatorio,20006,-1245.9669643979446
Aleatorio,20007,-1323.8845979358703
Aleatorio,20008,-1522.4176981439055
Aleatorio,20009,-1038.906468826394
Aleatorio,20010,-1076.3561430047791
Aleatorio,20011,-1524.1684956819388
Aleatorio,20012,-1816.3788237132876
Aleatorio,20013,-1375.805241480397
Aleatorio,20014,-1458.0115348092984
Aleatorio,20015,-881.5206775566928
Aleatorio,20016,-1096.1917141521074
Aleatorio,20017,-890.0239538709604
Aleatorio,20018,-1028.344907693469
Aleatorio,20019,-1607.2684051993692
Aleatorio,20020,-959.7377666632477
Aleatorio,20021,-1262.8213791242588
Aleatorio,20022,-767.8421646563769
Aleatorio,20023,-1192.5080471704455
Aleatorio,20024,-1525.0043912393994
Aleatorio,20025,-1058.3194008167006
Aleatorio,20026,-1263.3518496263646
Aleatorio,20027,-893.8956165373432
Aleatorio,20028,-1206.8407268700819
Aleatorio,20029,-1436.98626875176
Aleatorio,20030,-886.1237396164577
Aleatorio,20031,-1250.8802969070266
Aleatorio,20032,-1031.1448349931923
Aleatorio,20033,-1055.8634516891427
Aleatorio,20034,-1717.2555953230976
Aleatorio,20035,-952.3075413357074
Aleatorio,20036,-877.9663340531655
Aleatorio,20037,-1809.2163582952844
Aleatorio,20038,-1279.7921960380913
Aleatorio,20039,-1737.8038683144882
Aleatorio,20040,-1608.373820880062
Aleatorio,20041,-1570.9250037233962
Aleatorio,20042,-1401.7472622536584
Aleatorio,20043,-986.4921599425178
Aleatorio,20044,-871.9240101938193
Aleatorio,20045,-1497.770720776463
Aleatorio,20046,-1076.5699235997938
Aleatorio,20047,-1040.0156123416532
Aleatorio,20048,-945.8027679617082
Aleatorio,20049,-1472.1543516466843
DQN,20000,-2.817880680497683
DQN,20001,-241.5104390744104
DQN,20002,-122.23679204596536
DQN,20003,-124.97474120567402
DQN,20004,-127.52646058645881
DQN,20005,-126.40576196939372
DQN,20006,-115.0785335526558
DQN,20007,-122.5084907204631
DQN,20008,-240.4944381711661
DQN,20009,-124.85821352582686
DQN,20010,-130.19087884996512
DQN,20011,-233.1387152041977
DQN,20012,-239.38685851950663
DQN,20013,-115.74716081019955
DQN,20014,-121.31258822914958
DQN,20015,-127.7125642225058
DQN,20016,-127.96330150725359
DQN,20017,-2.204009398290223
DQN,20018,-127.63963747437091
DQN,20019,-237.7955559104374
DQN,20020,-126.95940805391133
DQN,20021,-117.95022375658749
DQN,20022,-2.1538595074246745
DQN,20023,-115.87423419772202
DQN,20024,-321.6196182398714
DQN,20025,-3.448290202945632
DQN,20026,-124.13036993581002
DQN,20027,-2.3461886211385883
DQN,20028,-122.01714845374217
DQN,20029,-237.83407611531442
DQN,20030,-125.80555288253814
DQN,20031,-118.65789732636995
DQN,20032,-124.1713231077313
DQN,20033,-128.6398612141416
DQN,20034,-395.9035997159418
DQN,20035,-128.59480504133043
DQN,20036,-123.02534357760334
DQN,20037,-378.5763446713881
DQN,20038,-126.49055436100052
DQN,20039,-240.69316672599084
DQN,20040,-255.88899130000118
DQN,20041,-241.00394575728578
DQN,20042,-122.02941180703706
DQN,20043,-130.2208491263076
DQN,20044,-3.1726385736044524
DQN,20045,-237.1119657525355
DQN,20046,-117.61945080803801
DQN,20047,-126.92194154193149
DQN,20048,-2.885146107516631
DQN,20049,-243.95826060151728
